customer_id,customer_name,age,gender,city,registration_date
1001,Karan Sharma,35,Male,Varanasi,2026-02-27
1002,Mohit Kumar,24,Male,Bhopal,2026-02-17
1003,Muskan Singh,45,Female,Delhi,2025-04-24
1004,Vivaan Singh,32,Male,Chandigarh,2023-03-24
1005,Divya Sharma,30,Female,Patna,2025-02-23
1006,Muskan Kaur,46,Female,Prayagraj,2023-03-28
1007,Amit Sharma,28,Male,Patna,2026-04-04
1008,Riya Patel,27,Female,Kanpur,2023-07-24
1009,Ananya Gupta,42,Female,Bengaluru,2022-07-09
1010,Sneha Saxena,34,Female,Delhi,2025-05-21
