index,product_id,date,stock_quantity,reorder_level,lead_time
0,P0001,2025-04-25,379,13,9
1,P0002,2025-09-08,71,38,24
2,P0003,2025-04-15,379,96,29
3,P0004,2026-07-13,302,21,14
4,P0005,2025-02-02,47,13,7
5,P0006,2025-08-27,308,74,1
6,P0007,2026-07-29,366,35,21
7,P0008,2026-07-13,112,63,15
8,P0009,2026-08-27,414,45,28
9,P0010,2025-01-07,357,30,14
10,P0011,2025-12-15,79,45,7
11,P0012,2025-12-11,47,23,13
12,P0013,2025-04-10,433,55,12
13,P0014,2026-09-11,413,43,2
14,P0015,2026-04-16,63,78,30
15,P0016,2026-01-23,282,20,10
16,P0017,2026-10-06,453,89,28
17,P0018,2026-01-06,98,83,23
18,P0019,2025-03-13,338,15,8
19,P0020,2025-10-24,437,20,8
20,P0021,2025-04-14,142,58,15
21,P0022,2026-01-09,189,30,12
22,P0023,2025-08-03,136,95,23
23,P0024,2025-03-15,325,87,6
24,P0025,2026-07-01,83,41,15
25,P0026,2026-01-24,473,44,21
26,P0027,2026-07-25,350,38,11
27,P0028,2025-02-27,420,39,2
28,P0029,2025-11-20,137,61,3
29,P0030,2025-08-05,448,82,23
30,P0031,2025-11-19,335,37,16
31,P0032,2026-02-10,234,92,5
32,P0033,2025-09-29,126,27,24
33,P0034,2026-07-29,134,78,24
34,P0035,2026-08-22,459,64,19
35,P0036,2026-02-13,112,56,5
36,P0037,2026-06-06,46,73,25
37,P0038,2025-02-18,78,24,21
38,P0039,2025-06-13,216,97,20
39,P0040,2025-03-07,195,59,20
40,P0041,2026-04-25,128,77,18
41,P0042,2025-01-12,369,97,4
42,P0043,2026-07-04,393,44,21
43,P0044,2025-12-15,150,24,14
44,P0045,2025-06-11,1,68,24
45,P0046,2025-09-27,390,74,6
46,P0047,2026-06-04,445,23,21
47,P0048,2025-11-02,259,91,20
48,P0049,2025-07-23,191,29,25
49,P0050,2025-06-15,488,79,25
50,P0051,2026-06-28,306,10,11
51,P0052,2026-05-16,57,12,30
52,P0053,2026-01-07,122,49,2
53,P0054,2025-09-04,484,82,3
54,P0055,2025-03-29,417,72,3
55,P0056,2026-06-30,65,26,22
56,P0057,2026-05-02,84,80,9
57,P0058,2026-06-25,216,87,7
58,P0059,2026-07-07,102,98,23
59,P0060,2025-11-16,343,61,21
60,P0061,2026-01-18,460,66,17
61,P0062,2026-04-08,126,25,8
62,P0063,2025-03-07,10,53,19
63,P0064,2026-07-22,301,39,8
64,P0065,2025-01-08,362,19,21
65,P0066,2025-03-02,34,39,29
66,P0067,2025-02-02,36,52,17
67,P0068,2025-09-01,342,45,16
68,P0069,2025-08-08,67,79,24
69,P0070,2026-08-08,242,83,8
70,P0071,2026-04-30,97,62,4
71,P0072,2025-04-10,220,94,12
72,P0073,2026-03-10,239,62,28
73,P0074,2025-02-25,334,96,21
74,P0075,2025-04-11,206,17,24
75,P0076,2025-12-14,127,23,7
76,P0077,2025-07-14,229,78,5
77,P0078,2026-03-09,142,33,15
78,P0079,2025-09-13,226,19,26
79,P0080,2026-07-18,25,22,21
80,P0081,2026-07-08,496,11,3
81,P0082,2025-08-31,208,31,16
82,P0083,2026-05-08,442,37,13
83,P0084,2025-03-02,194,31,1
84,P0085,2026-02-04,474,43,26
85,P0086,2026-04-11,216,46,23
86,P0087,2026-07-24,367,94,16
87,P0088,2025-06-08,151,34,7
88,P0089,2025-03-01,376,84,18
89,P0090,2025-03-04,29,50,2
90,P0091,2026-08-22,257,71,30
91,P0092,2026-06-28,29,30,17
92,P0093,2025-03-24,35,33,20
93,P0094,2025-03-11,441,96,8
94,P0095,2026-02-18,482,25,29
95,P0096,2026-08-07,296,41,20
96,P0097,2025-02-10,41,89,14
97,P0098,2026-08-21,267,82,11
98,P0099,2025-09-25,342,36,23
99,P0100,2025-11-18,135,40,13
100,P0101,2025-05-15,330,95,10
101,P0102,2026-04-14,475,50,25
102,P0103,2025-03-16,234,11,20
103,P0104,2026-07-31,37,22,18
104,P0105,2025-08-07,135,74,5
105,P0106,2025-12-24,450,18,8
106,P0107,2026-01-14,80,46,15
107,P0108,2026-07-11,154,100,20
108,P0109,2026-06-26,341,11,27
109,P0110,2026-07-22,477,48,22
110,P0111,2025-04-17,135,27,4
111,P0112,2025-04-20,79,80,9
112,P0113,2025-10-16,107,87,23
113,P0114,2025-12-18,351,36,21
114,P0115,2025-09-28,250,74,9
115,P0116,2025-02-22,324,21,14
116,P0117,2025-10-11,1,15,11
117,P0118,2025-05-14,134,91,6
118,P0119,2026-03-29,361,80,14
119,P0120,2026-07-29,57,11,3
120,P0121,2025-06-02,18,79,27
121,P0122,2026-01-14,282,84,5
122,P0123,2026-03-17,21,26,10
123,P0124,2026-01-09,460,15,12
124,P0125,2025-08-04,127,97,22
125,P0126,2025-04-16,399,55,18
126,P0127,2026-02-21,383,89,5
127,P0128,2025-08-31,499,30,26
128,P0129,2025-07-01,12,62,6
129,P0130,2025-12-07,410,62,22
130,P0131,2025-09-12,81,44,26
131,P0132,2025-04-21,446,58,2
132,P0133,2026-04-27,102,38,27
133,P0134,2026-04-17,156,54,27
134,P0135,2025-08-22,12,38,22
135,P0136,2025-07-17,168,61,9
136,P0137,2025-03-13,179,45,21
137,P0138,2026-06-06,347,61,27
138,P0139,2026-07-04,480,52,1
139,P0140,2025-04-29,91,43,19
140,P0141,2025-09-29,55,14,20
141,P0142,2026-03-21,373,54,26
142,P0143,2025-11-18,310,65,17
143,P0144,2025-04-29,460,59,19
144,P0145,2025-07-14,22,42,23
145,P0146,2026-03-23,266,10,30
146,P0147,2026-07-06,368,97,24
147,P0148,2025-07-21,220,56,3
148,P0149,2025-12-05,160,89,22
149,P0150,2025-05-08,259,48,10
150,P0151,2026-02-23,206,51,23
151,P0152,2025-10-30,65,80,7
152,P0153,2026-03-07,481,95,13
153,P0154,2025-06-28,291,88,10
154,P0155,2026-02-20,426,80,1
155,P0156,2025-11-08,107,46,14
156,P0157,2026-08-17,335,87,11
157,P0158,2026-04-22,226,66,22
158,P0159,2025-08-07,242,75,26
159,P0160,2025-06-23,43,94,10
160,P0161,2026-06-12,324,94,20
161,P0162,2025-12-10,419,21,25
162,P0163,2025-08-29,158,96,8
163,P0164,2025-07-23,12,28,2
164,P0165,2025-09-08,312,70,28
165,P0166,2025-03-16,212,68,29
166,P0167,2026-10-07,99,83,23
167,P0168,2026-01-29,204,73,8
168,P0169,2025-06-01,352,93,1
169,P0170,2025-04-20,112,64,6
170,P0171,2026-06-15,25,69,18
171,P0172,2025-09-13,233,25,5
172,P0173,2026-04-21,271,95,18
173,P0174,2026-09-02,486,50,25
174,P0175,2026-03-30,417,88,24
175,P0176,2026-06-01,425,64,30
176,P0177,2026-07-16,459,67,6
177,P0178,2026-05-02,132,67,25
178,P0179,2025-09-11,141,91,25
179,P0180,2026-06-18,320,72,8
180,P0181,2025-10-09,39,66,23
181,P0182,2025-10-20,139,40,11
182,P0183,2025-11-24,41,79,5
183,P0184,2025-06-04,196,39,23
184,P0185,2025-06-06,109,100,3
185,P0186,2026-03-01,169,62,18
186,P0187,2026-04-23,31,63,7
187,P0188,2026-03-07,463,59,25
188,P0189,2026-08-22,10,99,28
189,P0190,2026-08-13,244,58,1
190,P0191,2025-12-27,385,48,13
191,P0192,2026-03-06,382,78,24
192,P0193,2026-07-14,459,87,8
193,P0194,2026-05-15,139,38,14
194,P0195,2026-05-13,199,13,11
195,P0196,2026-02-19,430,31,15
196,P0197,2025-05-11,273,89,1
197,P0198,2026-02-08,288,85,22
198,P0199,2025-01-28,329,20,14
199,P0200,2025-05-19,93,69,2
200,P0201,2025-09-24,167,58,7
201,P0202,2026-04-11,172,51,25
202,P0203,2026-01-24,385,45,27
203,P0204,2026-03-08,427,42,3
204,P0205,2026-04-27,383,12,18
205,P0206,2025-02-23,114,54,21
206,P0207,2025-03-12,20,93,25
207,P0208,2025-02-01,102,41,27
208,P0209,2025-01-21,78,89,8
209,P0210,2025-05-10,342,70,4
210,P0211,2026-08-01,238,37,23
211,P0212,2025-09-20,85,57,20
212,P0213,2026-09-14,398,24,27
213,P0214,2025-06-17,55,49,19
214,P0215,2025-01-27,294,49,22
215,P0216,2026-01-20,482,60,23
216,P0217,2025-07-23,303,19,23
217,P0218,2026-10-05,52,41,23
218,P0219,2025-11-05,307,97,26
219,P0220,2025-05-04,400,82,2
220,P0221,2025-12-22,219,78,22
221,P0222,2026-01-15,259,18,21
222,P0223,2025-12-16,434,11,14
223,P0224,2026-05-17,221,23,12
224,P0225,2026-04-16,78,100,14
225,P0226,2025-06-30,494,76,21
226,P0227,2025-10-04,413,88,30
227,P0228,2026-07-06,238,71,14
228,P0229,2026-08-30,165,44,28
229,P0230,2025-09-09,142,21,29
230,P0231,2026-04-07,384,41,15
231,P0232,2026-08-07,342,88,13
232,P0233,2025-12-11,253,13,28
233,P0234,2025-11-29,249,33,7
234,P0235,2025-12-30,174,43,9
235,P0236,2026-09-03,450,99,9
236,P0237,2026-07-24,264,11,7
237,P0238,2025-03-29,368,40,14
238,P0239,2026-05-16,388,81,8
239,P0240,2026-05-03,364,92,16
240,P0241,2026-04-04,47,12,10
241,P0242,2025-08-15,354,61,8
242,P0243,2025-11-10,297,94,12
243,P0244,2026-04-30,271,80,12
244,P0245,2026-03-12,169,80,12
245,P0246,2026-04-10,156,44,9
246,P0247,2025-08-25,369,25,7
247,P0248,2025-11-20,380,25,18
248,P0249,2025-07-09,110,34,24
249,P0250,2026-05-11,370,45,19
250,P0251,2026-06-22,144,86,4
251,P0252,2025-07-18,116,47,12
252,P0253,2025-07-03,7,48,23
253,P0254,2026-07-01,140,26,2
254,P0255,2025-02-25,149,80,23
255,P0256,2025-05-10,444,91,25
256,P0257,2026-05-18,446,23,1
257,P0258,2026-08-11,240,46,16
258,P0259,2026-03-28,94,53,2
259,P0260,2025-09-16,58,71,27
260,P0261,2025-03-08,251,61,3
261,P0262,2026-08-14,351,90,2
262,P0263,2025-06-05,415,29,19
263,P0264,2025-11-08,127,20,4
264,P0265,2026-07-26,310,63,20
265,P0266,2026-09-26,397,38,17
266,P0267,2026-01-25,465,67,15
267,P0268,2025-11-01,219,85,10
268,P0269,2026-08-06,30,89,20
269,P0270,2025-04-12,320,36,7
270,P0271,2025-09-28,41,94,6
271,P0272,2025-09-03,282,32,3
272,P0273,2025-06-10,209,10,15
273,P0274,2026-09-01,149,70,2
274,P0275,2025-08-26,361,46,10
275,P0276,2026-04-10,351,19,8
276,P0277,2025-09-28,301,90,22
277,P0278,2025-07-22,58,64,18
278,P0279,2025-08-19,76,92,30
279,P0280,2025-09-30,36,28,2
280,P0281,2025-06-19,304,49,24
281,P0282,2026-08-06,224,46,4
282,P0283,2026-04-25,155,98,23
283,P0284,2026-02-17,256,44,18
284,P0285,2026-05-21,41,66,20
285,P0286,2025-02-10,376,65,11
286,P0287,2026-09-11,13,42,3
287,P0288,2025-08-23,428,96,28
288,P0289,2026-08-13,486,85,1
289,P0290,2025-10-03,20,83,25
290,P0291,2025-06-29,265,70,21
291,P0292,2026-03-29,92,45,19
292,P0293,2026-03-23,416,91,16
293,P0294,2025-04-04,178,70,14
294,P0295,2025-12-08,343,51,4
295,P0296,2025-06-14,210,52,23
296,P0297,2026-05-23,339,46,13
297,P0298,2026-07-18,232,14,3
298,P0299,2025-11-19,165,42,4
299,P0300,2026-02-18,422,75,1
300,P0301,2026-07-10,211,69,2
301,P0302,2025-07-12,185,76,20
302,P0303,2026-05-26,226,90,25
303,P0304,2025-02-22,136,36,18
304,P0305,2025-05-15,224,46,29
305,P0306,2026-05-12,14,25,21
306,P0307,2026-09-16,363,40,6
307,P0308,2025-11-15,7,80,18
308,P0309,2026-02-22,115,21,27
309,P0310,2025-04-27,484,69,4
310,P0311,2025-06-07,477,73,23
311,P0312,2025-10-26,361,75,9
312,P0313,2026-03-02,241,71,8
313,P0314,2026-04-13,74,80,13
314,P0315,2025-07-15,260,86,24
315,P0316,2025-05-20,141,18,25
316,P0317,2026-03-01,478,53,26
317,P0318,2026-06-04,420,44,1
318,P0319,2025-10-17,428,48,19
319,P0320,2026-08-17,250,94,28
320,P0321,2025-06-02,275,67,16
321,P0322,2025-12-20,282,52,25
322,P0323,2026-07-11,233,58,30
323,P0324,2025-11-26,357,34,8
324,P0325,2026-08-09,119,59,28
325,P0326,2026-02-25,162,15,24
326,P0327,2026-04-30,467,100,26
327,P0328,2026-01-26,339,59,26
328,P0329,2025-06-05,493,73,2
329,P0330,2025-05-10,494,74,19
330,P0331,2025-12-06,447,22,28
331,P0332,2026-03-27,269,22,30
332,P0333,2026-04-13,369,11,5
333,P0334,2026-02-24,496,93,5
334,P0335,2025-03-18,400,70,9
335,P0336,2025-12-13,354,89,13
336,P0337,2025-03-24,436,52,22
337,P0338,2026-07-01,488,58,11
338,P0339,2026-10-04,446,72,18
339,P0340,2025-02-06,35,89,8
340,P0341,2025-10-22,382,39,3
341,P0342,2026-03-21,389,22,21
342,P0343,2025-04-13,85,66,23
343,P0344,2025-11-03,23,13,11
344,P0345,2025-02-27,183,47,12
345,P0346,2026-03-18,125,28,17
346,P0347,2026-02-26,349,82,26
347,P0348,2025-07-04,89,31,3
348,P0349,2026-09-17,317,58,22
349,P0350,2025-09-04,467,73,19
350,P0351,2025-05-27,236,39,21
351,P0352,2025-09-18,130,68,22
352,P0353,2025-01-10,461,69,10
353,P0354,2026-07-14,37,30,15
354,P0355,2025-12-20,153,85,21
355,P0356,2026-03-11,128,98,15
356,P0357,2025-11-06,196,35,28
357,P0358,2026-05-10,121,23,13
358,P0359,2026-08-09,294,55,10
359,P0360,2025-10-30,500,12,27
360,P0361,2026-02-10,4,45,19
361,P0362,2025-02-20,381,87,16
362,P0363,2025-10-21,310,39,26
363,P0364,2025-12-27,325,38,7
364,P0365,2026-09-28,347,42,25
365,P0366,2025-05-21,49,90,29
366,P0367,2026-10-05,20,92,10
367,P0368,2026-03-28,296,14,12
368,P0369,2025-05-15,465,21,10
369,P0370,2025-12-01,89,63,7
370,P0371,2025-05-16,448,79,12
371,P0372,2026-06-28,467,74,9
372,P0373,2025-06-18,467,42,27
373,P0374,2026-05-09,382,47,28
374,P0375,2025-12-13,239,24,3
375,P0376,2025-05-25,440,38,22
376,P0377,2026-02-11,187,81,3
377,P0378,2026-02-09,135,11,18
378,P0379,2025-05-07,188,68,22
379,P0380,2025-09-26,195,84,27
380,P0381,2026-01-16,345,23,8
381,P0382,2026-04-28,317,13,29
382,P0383,2026-07-29,468,51,20
383,P0384,2025-08-15,32,92,21
384,P0385,2026-04-21,154,99,21
385,P0386,2026-02-23,71,24,2
386,P0387,2025-02-08,252,48,4
387,P0388,2025-04-10,454,40,18
388,P0389,2025-05-19,232,59,12
389,P0390,2026-07-08,300,63,24
390,P0391,2025-06-08,335,63,4
391,P0392,2026-05-17,208,88,9
392,P0393,2025-02-03,189,98,7
393,P0394,2026-03-31,486,66,8
394,P0395,2026-01-07,351,22,12
395,P0396,2026-07-12,183,92,2
396,P0397,2026-02-12,97,45,4
397,P0398,2026-04-11,339,21,7
398,P0399,2026-09-04,25,12,26
399,P0400,2025-12-08,64,41,26
400,P0401,2026-08-02,35,36,27
401,P0402,2026-07-22,300,36,7
402,P0403,2025-08-27,396,52,5
403,P0404,2026-09-03,141,10,28
404,P0405,2025-05-29,276,26,9
405,P0406,2025-06-28,338,24,28
406,P0407,2025-01-27,7,26,12
407,P0408,2025-09-01,165,85,1
408,P0409,2025-06-28,26,43,5
409,P0410,2026-03-08,58,77,24
410,P0411,2025-03-07,229,70,25
411,P0412,2026-01-06,303,75,4
412,P0413,2026-04-08,113,74,20
413,P0414,2025-02-14,266,94,10
414,P0415,2026-04-15,493,92,1
415,P0416,2025-03-04,433,71,13
416,P0417,2026-03-13,55,97,16
417,P0418,2026-03-31,460,19,3
418,P0419,2025-11-26,75,87,3
419,P0420,2025-05-10,319,45,21
420,P0421,2026-08-23,364,80,11
421,P0422,2026-01-26,271,86,10
422,P0423,2026-04-10,309,74,14
423,P0424,2025-04-12,58,99,28
424,P0425,2026-07-19,220,37,15
425,P0426,2025-08-22,173,62,27
426,P0427,2026-04-10,212,61,24
427,P0428,2025-04-08,218,50,11
428,P0429,2025-09-19,488,57,5
429,P0430,2026-05-01,46,18,27
430,P0431,2025-03-29,221,21,4
431,P0432,2026-01-17,284,26,2
432,P0433,2026-08-24,287,81,11
433,P0434,2025-05-06,181,62,28
434,P0435,2026-03-10,495,16,10
435,P0436,2026-09-07,180,49,4
436,P0437,2026-08-15,108,74,5
437,P0438,2026-05-09,433,38,4
438,P0439,2025-12-25,188,81,4
439,P0440,2025-10-13,115,83,26
440,P0441,2026-03-16,498,81,25
441,P0442,2026-09-29,345,88,21
442,P0443,2026-07-25,311,13,30
443,P0444,2025-10-01,92,13,9
444,P0445,2025-11-13,179,53,1
445,P0446,2025-07-05,289,28,22
446,P0447,2026-02-15,72,18,24
447,P0448,2025-02-01,382,21,17
448,P0449,2025-08-09,214,58,15
449,P0450,2025-12-16,189,30,10
450,P0451,2025-11-29,305,82,3
451,P0452,2025-02-23,80,29,25
452,P0453,2026-09-25,345,16,3
453,P0454,2025-10-06,338,66,14
454,P0455,2026-05-13,226,87,14
455,P0456,2025-10-07,386,37,17
456,P0457,2025-04-27,220,54,4
457,P0458,2025-10-18,347,96,19
458,P0459,2026-05-14,341,77,10
459,P0460,2025-02-16,202,38,20
460,P0461,2025-02-26,104,10,10
461,P0462,2025-08-05,391,27,9
462,P0463,2025-10-24,61,51,1
463,P0464,2026-05-25,89,65,5
464,P0465,2026-01-25,360,78,8
465,P0466,2026-05-28,426,81,22
466,P0467,2025-12-29,203,19,28
467,P0468,2025-02-13,9,65,15
468,P0469,2025-03-21,294,50,14
469,P0470,2026-08-11,363,61,21
470,P0471,2026-03-04,58,47,13
471,P0472,2025-01-22,87,51,26
472,P0473,2026-09-25,425,68,23
473,P0474,2026-01-06,223,21,28
474,P0475,2025-04-19,223,41,19
475,P0476,2026-02-15,40,77,13
476,P0477,2025-11-14,113,53,11
477,P0478,2025-06-22,261,19,21
478,P0479,2025-04-27,261,77,7
479,P0480,2025-12-24,372,54,27
480,P0481,2025-06-01,52,40,5
481,P0482,2025-09-20,88,35,20
482,P0483,2025-06-06,38,93,6
483,P0484,2026-10-06,237,73,25
484,P0485,2026-08-01,229,84,22
485,P0486,2026-08-02,325,92,20
486,P0487,2025-11-27,161,90,5
487,P0488,2026-03-27,240,18,15
488,P0489,2025-11-07,302,45,2
489,P0490,2025-12-27,37,74,10
490,P0491,2026-04-18,19,67,2
491,P0492,2026-01-13,39,46,21
492,P0493,2025-04-03,304,88,17
493,P0494,2026-01-29,297,69,18
494,P0495,2025-02-12,465,67,26
495,P0496,2026-08-09,96,93,11
496,P0497,2026-09-12,256,70,5
497,P0498,2025-03-05,52,67,26
498,P0499,2025-12-18,258,20,21
499,P0500,2025-06-26,126,15,23