transaction_id,customer_id,product_id,date,quantity,unit_price,discount,total_amount
0,T000001,C0328,P0058,2025-01-26,5,2486.67,3.49,11999.43
T000002,C0053,P0347,2026-07-13,2,5925.4,0.79,11757.18
T000003,C0048,P0112,2025-08-27,9,6040.09,14.03,46733.99
T000004,C0367,P0333,2026-07-13,7,2243.38,14.73,13390.51
T000005,C0415,P0446,2025-01-07,3,6996.49,8.51,19203.27
T000006,C0080,P0111,2025-12-11,2,972.82,2.42,1898.56
T000007,C0434,P0177,2026-09-11,5,8080.93,18.24,33034.84
T000008,C0275,P0064,2026-01-23,2,5542.8,20.74,8786.45
T000009,C0317,P0454,2026-01-06,10,1963.27,1.74,19291.09
T000010,C0339,P0117,2025-10-24,2,8560.41,21.66,13412.45
T000011,C0195,P0143,2026-04-10,6,1668.41,8.88,9121.53
T000012,C0344,P0137,2025-03-15,10,6368.03,13.35,55178.98
T000013,C0126,P0084,2026-04-19,7,2735.98,23.13,14722.03
T000014,C0353,P0286,2025-08-13,6,8436.38,19.4,40798.33
T000015,C0118,P0421,2025-02-02,6,4041.59,1.65,23849.42
T000016,C0468,P0483,2026-08-04,6,2165.63,12.48,11372.16
T000017,C0453,P0469,2026-04-15,3,2685.56,6.17,7559.58
T000018,C0288,P0276,2025-09-27,10,4312.92,14.59,36836.65
T000019,C0186,P0113,2025-05-22,9,4960.48,18.89,36211.01
T000020,C0441,P0057,2025-06-06,3,7931.19,10.55,21283.35
T000021,C0033,P0198,2026-01-26,10,9961.41,13.23,86435.15
T000022,C0498,P0284,2025-01-12,2,6833.02,13.42,11832.06
T000023,C0137,P0394,2025-12-15,2,2970.33,3.95,5706.0
T000024,C0002,P0489,2025-09-27,9,7631.52,12.69,59967.72
T000025,C0055,P0446,2026-10-03,5,8424.61,12.69,36777.63
T000026,C0102,P0079,2026-01-18,3,5416.82,19.47,13086.5
T000027,C0272,P0471,2025-01-01,10,3275.35,0.49,32593.01
T000028,C0476,P0186,2025-11-11,4,626.36,21.95,1955.5
T000029,C0485,P0041,2025-03-29,8,8169.43,24.45,49376.03
T000030,C0273,P0393,2025-05-09,3,6614.52,23.67,15146.59
T000031,C0085,P0136,2026-06-25,10,4260.22,5.29,40348.54
T000032,C0277,P0387,2025-07-25,5,4019.97,16.79,16725.09
T000033,C0192,P0225,2026-06-14,8,1253.99,5.62,9468.13
T000034,C0174,P0011,2026-08-26,9,2339.64,5.51,19896.53
T000035,C0037,P0363,2025-03-02,4,720.63,0.79,2859.75
T000036,C0170,P0037,2026-06-11,4,2820.85,12.14,9913.6
T000037,C0277,P0068,2026-08-08,10,4753.08,19.62,38205.26
T000038,C0414,P0209,2025-07-14,2,1014.46,10.78,1810.2
T000039,C0217,P0211,2026-04-24,1,6749.98,24.6,5089.48
T000040,C0051,P0032,2026-02-17,6,8015.9,2.73,46782.4
T000041,C0099,P0098,2026-07-04,8,1444.81,4.59,11027.95
T000042,C0237,P0128,2025-03-19,8,8089.82,21.4,50868.79
T000043,C0051,P0026,2026-07-08,1,9691.51,23.16,7446.96
T000044,C0435,P0122,2025-06-20,7,4882.13,5.34,32349.97
T000045,C0206,P0463,2025-03-02,3,3820.78,24.63,8639.17
T000046,C0136,P0475,2026-04-11,5,4258.92,23.93,16198.8
T000047,C0402,P0285,2026-05-14,3,1939.48,5.44,5501.92
T000048,C0030,P0297,2026-07-10,1,7492.36,1.43,7385.22
T000049,C0300,P0245,2026-05-30,9,1616.46,24.02,11053.68
T000050,C0042,P0436,2025-07-10,2,5970.6,16.88,9925.53
T000051,C0121,P0207,2025-05-03,10,2499.84,14.86,21283.64
T000052,C0318,P0042,2026-03-06,10,5674.01,7.91,52251.96
T000053,C0134,P0105,2025-11-18,4,2692.86,3.27,10419.21
T000054,C0331,P0154,2026-04-14,6,9293.73,23.39,42719.56
T000055,C0005,P0235,2026-09-29,10,9961.16,1.83,97788.71
T000056,C0110,P0260,2025-09-29,3,9335.93,22.02,21840.47
T000057,C0451,P0126,2026-01-14,5,1619.58,20.84,6410.3
T000058,C0361,P0155,2026-09-19,9,127.84,20.43,915.5
T000059,C0154,P0478,2025-04-17,3,2681.44,22.24,6255.26
T000060,C0381,P0284,2025-06-09,5,2853.47,5.27,13515.46
T000061,C0176,P0105,2025-09-28,9,4910.89,22.63,34196.0
T000062,C0434,P0027,2025-04-05,7,8302.01,1.1,57474.82
T000063,C0171,P0395,2025-05-14,5,1657.74,11.05,7372.8
T000064,C0362,P0219,2026-07-29,1,1163.15,23.63,888.3
T000065,C0354,P0463,2025-06-02,9,408.48,9.23,3337.0
T000066,C0283,P0076,2026-03-17,3,466.2,9.12,1271.05
T000067,C0478,P0408,2025-02-10,6,2140.26,6.24,12040.25
T000068,C0053,P0182,2026-07-28,7,9739.68,18.74,55401.25
T000069,C0474,P0477,2025-08-31,3,9763.25,20.27,23352.72
T000070,C0452,P0212,2025-01-26,3,7378.82,8.3,20299.13
T000071,C0477,P0211,2025-09-12,5,1634.02,17.53,6737.88
T000072,C0196,P0447,2025-02-09,8,2263.22,20.41,14410.37
T000073,C0236,P0180,2025-11-09,4,2268.09,16.5,7575.42
T000074,C0205,P0169,2025-10-13,2,9670.55,6.98,17991.09
T000075,C0329,P0261,2026-02-14,9,3344.94,0.69,29896.74
T000076,C0450,P0497,2025-09-25,3,5826.87,24.59,13182.13
T000077,C0020,P0056,2026-09-03,7,3489.59,19.66,19624.76
T000078,C0224,P0311,2026-06-08,2,3882.69,14.41,6646.39
T000079,C0131,P0023,2026-03-23,1,5223.21,20.16,4170.21
T000080,C0352,P0369,2025-07-21,6,4341.41,23.72,19869.77
T000081,C0472,P0170,2026-10-01,6,6650.71,3.12,38659.25
T000082,C0461,P0154,2026-06-04,5,6685.58,8.15,30703.53
T000083,C0357,P0152,2026-07-22,3,1958.81,16.62,4899.77
T000084,C0195,P0347,2025-06-28,10,5712.6,10.15,51327.71
T000085,C0427,P0001,2025-11-08,5,2141.32,19.64,8603.82
T000086,C0311,P0336,2025-11-26,8,4445.77,16.89,29559.04
T000087,C0262,P0243,2025-06-23,2,2873.67,16.6,4793.28
T000088,C0318,P0172,2025-04-06,4,6744.32,5.62,25461.16
T000089,C0102,P0076,2025-01-26,1,2486.18,11.88,2190.82
T000090,C0436,P0394,2025-03-16,8,4173.69,15.74,28134.01
T000091,C0100,P0368,2026-01-29,8,4026.55,3.69,31023.76
T000092,C0353,P0003,2025-04-20,7,2227.47,20.1,12458.24
T000093,C0357,P0266,2026-04-21,1,5596.19,22.94,4312.42
T000094,C0063,P0234,2025-05-17,8,6692.4,24.7,40315.02
T000095,C0305,P0163,2026-03-30,10,8159.31,22.3,63397.84
T000096,C0219,P0426,2026-07-16,8,8977.22,18.59,58466.84
T000097,C0244,P0231,2025-09-23,4,8406.64,6.93,31296.24
T000098,C0399,P0267,2026-05-12,4,2782.24,1.94,10913.06
T000099,C0147,P0121,2025-10-06,6,3231.11,13.5,16769.46
T000100,C0071,P0078,2025-08-25,7,6954.8,17.66,40086.08
T000101,C0033,P0213,2026-02-22,6,5448.98,10.39,29296.99
T000102,C0106,P0427,2026-03-07,7,9053.14,14.6,54119.67
T000103,C0357,P0011,2026-08-13,7,4795.95,23.57,25658.81
T000104,C0153,P0386,2026-02-04,7,5405.29,18.37,30886.37
T000105,C0410,P0309,2025-08-14,8,2233.25,10.9,15918.61
T000106,C0015,P0200,2025-12-11,7,7255.6,21.01,40118.39
T000107,C0471,P0066,2026-09-30,9,318.32,9.85,2582.69
T000108,C0289,P0340,2025-01-28,2,6445.36,3.39,12453.72
T000109,C0237,P0094,2025-02-21,5,3822.08,5.29,18099.46
T000110,C0168,P0173,2026-01-24,5,7532.5,20.8,29828.7
T000111,C0130,P0428,2025-03-25,8,242.86,13.49,1680.79
T000112,C0488,P0180,2025-08-18,2,7823.27,16.29,13097.72
T000113,C0387,P0016,2025-09-11,4,8400.33,15.53,28383.04
T000114,C0123,P0065,2026-04-30,2,5661.5,5.45,10705.9
T000115,C0359,P0132,2026-01-13,3,6078.63,24.09,13842.86
T000116,C0368,P0059,2025-06-17,5,1125.58,0.64,5591.88
T000117,C0160,P0295,2026-01-20,7,9417.63,4.96,62653.61
T000118,C0304,P0354,2026-10-05,4,1063.92,19.31,3433.91
T000119,C0436,P0351,2026-09-07,2,7972.46,14.15,13688.71
T000120,C0022,P0178,2026-06-30,7,6632.14,1.72,45626.47
T000121,C0332,P0175,2025-01-13,7,8232.19,2.64,56104.02
T000122,C0492,P0186,2026-04-16,3,4383.1,18.34,10737.72
T000123,C0495,P0334,2025-10-04,10,8091.58,13.45,70032.62
T000124,C0248,P0239,2026-03-23,10,2720.54,21.29,21413.37
T000125,C0426,P0479,2025-03-30,5,8822.23,6.1,41420.37
T000126,C0238,P0292,2026-09-17,7,3397.15,12.36,20840.84
T000127,C0167,P0094,2026-05-15,4,3580.51,6.46,13396.84
T000128,C0144,P0451,2026-09-03,5,5580.12,12.92,24295.84
T000129,C0098,P0044,2025-09-05,7,4911.35,18.95,27864.54
T000130,C0354,P0244,2026-05-18,8,7939.68,2.33,62037.48
T000131,C0114,P0208,2025-09-07,5,6656.4,9.23,30210.07
T000132,C0284,P0272,2025-12-19,7,9966.48,13.76,60165.65
T000133,C0181,P0360,2026-04-10,5,3100.9,5.76,14611.44
T000134,C0370,P0099,2025-11-20,2,7441.67,23.77,11345.57
T000135,C0354,P0095,2025-07-16,4,7399.12,6.91,27551.36
T000136,C0302,P0390,2026-06-22,10,2865.84,2.51,27939.07
T000137,C0100,P0152,2025-08-21,6,1835.44,0.35,10974.1
T000138,C0274,P0065,2025-10-08,1,9744.23,13.83,8396.6
T000139,C0358,P0484,2025-05-10,8,1070.75,0.31,8539.45
T000140,C0146,P0241,2026-05-06,8,3440.02,24.14,20876.79
T000141,C0130,P0482,2026-05-05,2,8230.05,10.02,14810.8
T000142,C0038,P0296,2026-10-07,1,1559.68,20.28,1243.38
T000143,C0486,P0156,2025-03-29,4,1228.59,19.11,3975.23
T000144,C0311,P0306,2026-09-26,4,7768.15,9.51,28117.6
T000145,C0466,P0227,2025-11-01,10,9900.81,7.63,91453.78
T000146,C0318,P0031,2026-09-17,2,9478.52,5.19,17973.17
T000147,C0109,P0136,2025-03-25,3,2436.66,13.8,6301.2
T000148,C0081,P0002,2026-02-23,8,6909.24,11.75,48779.23
T000149,C0017,P0119,2025-10-23,5,7044.73,11.35,31225.77
T000150,C0352,P0120,2025-09-28,10,6628.77,23.34,50816.15
T000151,C0218,P0059,2026-07-12,4,6493.97,22.71,20076.76
T000152,C0424,P0073,2025-03-15,1,1700.93,7.69,1570.13
T000153,C0384,P0423,2026-08-06,5,4419.58,11.72,19508.03
T000154,C0156,P0359,2026-02-17,5,5029.7,12.34,22045.18
T000155,C0042,P0307,2025-02-10,7,7358.61,15.09,43737.37
T000156,C0014,P0047,2025-08-23,10,5891.87,0.52,58612.32
T000157,C0392,P0345,2025-10-03,10,450.31,18.91,3651.56
T000158,C0241,P0266,2026-03-29,5,1855.82,14.63,7921.57
T000159,C0326,P0417,2026-05-19,2,4726.6,10.21,8488.03
T000160,C0165,P0344,2025-04-18,3,3331.55,17.34,8261.58
T000161,C0148,P0340,2026-02-15,9,415.14,2.2,3654.06
T000162,C0130,P0166,2025-04-29,7,8655.86,20.62,48097.15
T000163,C0001,P0337,2026-07-10,8,4161.81,4.69,31732.97
T000164,C0186,P0319,2026-05-26,8,7611.91,5.09,57795.71
T000165,C0282,P0068,2025-10-22,8,8814.42,12.12,61968.9
T000166,C0015,P0499,2026-09-16,4,7112.34,7.77,26238.84
T000167,C0008,P0283,2026-02-22,2,2285.77,21.04,3609.69
T000168,C0059,P0237,2025-05-01,3,5008.84,17.92,12333.77
T000169,C0261,P0362,2025-10-07,7,8355.5,24.51,44152.97
T000170,C0125,P0234,2026-07-19,3,3866.68,23.05,8926.23
T000171,C0261,P0383,2025-05-20,2,2798.66,19.75,4491.85
T000172,C0213,P0175,2026-06-04,5,8214.47,7.07,38168.53
T000173,C0153,P0429,2026-08-25,10,9989.08,12.24,87664.17
T000174,C0077,P0229,2026-07-06,8,3483.98,13.8,24025.53
T000175,C0279,P0194,2026-04-12,6,8702.54,24.52,39412.06
T000176,C0123,P0293,2026-01-28,4,8567.33,10.27,30749.86
T000177,C0163,P0382,2026-04-30,7,3891.48,16.59,22721.18
T000178,C0421,P0334,2025-06-05,8,9650.0,3.16,74760.48
T000179,C0495,P0303,2025-12-06,2,8748.19,11.01,15570.03
T000180,C0270,P0467,2026-04-13,1,7238.32,10.25,6496.39
T000181,C0336,P0497,2025-06-08,2,4721.43,24.23,7154.86
T000182,C0174,P0320,2026-02-12,2,8525.06,21.31,13416.74
T000183,C0440,P0274,2026-01-25,6,6286.65,22.19,29349.85
T000184,C0250,P0447,2026-07-09,1,6193.72,5.87,5830.15
T000185,C0351,P0472,2025-10-22,4,7480.33,10.85,26674.86
T000186,C0051,P0390,2025-04-13,8,1705.33,7.49,12620.81
T000187,C0015,P0024,2025-11-29,1,2969.01,9.37,2690.81
T000188,C0075,P0126,2026-06-28,7,5680.98,19.81,31889.05
T000189,C0088,P0090,2025-03-22,10,8714.85,15.49,73649.2
T000190,C0124,P0255,2026-08-21,3,2360.28,15.95,5951.45
T000191,C0236,P0131,2025-01-10,8,9017.03,16.94,59916.36
T000192,C0081,P0038,2026-03-29,6,9877.13,7.48,54829.92
T000193,C0493,P0218,2025-09-14,8,8460.77,4.98,64315.39
T000194,C0197,P0437,2026-05-10,2,2410.2,14.3,4131.08
T000195,C0295,P0152,2025-10-30,1,9780.55,16.46,8170.67
T000196,C0141,P0005,2026-08-03,1,9110.64,18.63,7413.33
T000197,C0427,P0463,2025-10-21,4,6090.3,8.81,22214.98
T000198,C0326,P0098,2026-09-28,5,6793.76,18.02,27847.62
T000199,C0338,P0349,2025-05-21,2,9038.87,16.16,15156.38
T000200,C0159,P0404,2026-03-28,1,5816.76,18.31,4751.71
T000201,C0047,P0466,2025-10-30,6,7487.43,4.39,42952.39
T000202,C0068,P0403,2026-07-07,6,5331.98,22.84,24684.93
T000203,C0426,P0085,2025-09-21,8,9675.47,7.38,71691.36
T000204,C0446,P0174,2025-04-28,8,9630.79,3.52,74334.29
T000205,C0495,P0116,2026-02-11,9,3689.46,19.77,26640.48
T000206,C0008,P0136,2026-07-04,2,4575.12,16.82,7611.17
T000207,C0345,P0135,2026-08-22,7,8233.05,23.51,44082.22
T000208,C0056,P0346,2025-08-28,8,299.0,22.11,1863.13
T000209,C0288,P0168,2026-09-17,4,6494.14,15.89,21848.88
T000210,C0238,P0466,2025-11-06,7,1210.93,1.13,8380.73
T000211,C0020,P0156,2026-05-20,2,1017.06,22.18,1582.95
T000212,C0070,P0199,2026-04-10,6,6721.34,18.58,32835.09
T000213,C0485,P0277,2026-03-06,10,7435.58,3.86,71485.67
T000214,C0213,P0336,2025-04-12,8,6175.74,23.48,37805.41
T000215,C0144,P0017,2026-01-15,4,4461.66,23.76,13606.28
T000216,C0438,P0186,2025-04-12,6,5467.44,24.45,24783.91
T000217,C0184,P0032,2026-02-12,5,1938.6,3.05,9397.36
T000218,C0435,P0422,2026-04-11,2,6644.55,16.04,11157.53
T000219,C0306,P0498,2025-01-22,1,7878.61,6.09,7398.8
T000220,C0065,P0403,2026-08-02,4,732.67,19.13,2370.04
T000221,C0107,P0301,2025-08-10,4,3319.17,3.69,12786.77
T000222,C0462,P0306,2025-01-03,5,8591.14,3.62,41400.7
T000223,C0067,P0277,2025-09-14,3,1143.77,21.66,2688.09
T000224,C0068,P0008,2026-01-02,4,5909.09,0.39,23544.18
T000225,C0136,P0027,2025-05-10,7,5284.55,18.64,30096.57
T000226,C0244,P0230,2026-01-06,9,5956.98,11.3,47554.57
T000227,C0114,P0485,2026-09-22,1,7286.07,22.72,5630.67
T000228,C0338,P0267,2025-11-05,8,6451.24,0.78,51207.36
T000229,C0246,P0434,2026-02-16,7,6876.67,12.26,42235.13
T000230,C0466,P0228,2025-03-17,2,3255.01,3.71,6268.5
T000231,C0065,P0141,2026-10-02,10,5506.15,8.13,50585.0
T000232,C0306,P0272,2025-10-29,8,5080.23,10.75,36272.84
T000233,C0407,P0360,2025-04-28,9,7222.36,5.38,61504.17
T000234,C0232,P0455,2025-08-22,7,3422.37,11.34,21239.91
T000235,C0213,P0374,2025-04-08,6,4296.3,16.63,21490.95
T000236,C0192,P0489,2025-06-06,8,717.98,20.79,4549.7
T000237,C0048,P0222,2025-04-09,6,8127.1,13.91,41979.72
T000238,C0301,P0490,2026-07-30,9,3329.98,3.06,29052.74
T000239,C0182,P0448,2026-03-10,1,9685.57,15.01,8231.77
T000240,C0181,P0054,2026-08-15,9,2166.75,16.42,16298.73
T000241,C0115,P0434,2025-04-21,6,8461.47,9.19,46103.17
T000242,C0391,P0143,2026-08-11,4,8081.85,21.13,25496.62
T000243,C0499,P0393,2026-09-29,10,6766.02,13.92,58241.9
T000244,C0312,P0476,2025-10-01,1,1845.14,17.57,1520.95
T000245,C0159,P0472,2025-12-14,6,110.75,21.75,519.97
T000246,C0290,P0337,2026-02-15,2,1461.65,15.83,2460.54
T000247,C0016,P0047,2026-06-28,4,3793.13,11.34,13451.96
T000248,C0081,P0190,2025-11-16,6,7779.51,14.19,40053.59
T000249,C0044,P0453,2025-02-23,3,1616.23,15.45,4099.57
T000250,C0346,P0042,2025-10-06,8,6636.29,12.14,46645.16
T000251,C0227,P0213,2025-10-07,4,7561.68,2.85,29384.69
T000252,C0221,P0057,2025-10-18,10,4892.0,16.68,40760.14
T000253,C0024,P0113,2026-02-09,10,595.08,5.11,5646.71
T000254,C0485,P0109,2025-05-21,5,2930.0,3.0,14210.5
T000255,C0255,P0383,2026-03-17,3,1335.4,13.31,3472.97
T000256,C0118,P0257,2026-07-27,6,767.15,21.54,3611.44
T000257,C0022,P0224,2025-01-20,8,9215.57,21.55,57836.92
T000258,C0295,P0220,2026-08-11,7,7109.51,10.44,44570.94
T000259,C0059,P0208,2025-01-22,6,1760.14,23.69,8058.98
T000260,C0236,P0426,2026-01-06,2,4395.28,2.65,8557.61
T000261,C0224,P0302,2026-02-15,9,832.54,21.76,5862.41
T000262,C0382,P0174,2025-08-15,6,7802.22,1.91,45919.19
T000263,C0325,P0059,2026-06-28,9,1979.34,19.41,14356.35
T000264,C0180,P0373,2025-06-01,4,1072.91,6.4,4016.98
T000265,C0089,P0309,2025-06-06,2,1812.6,19.32,2924.81
T000266,C0253,P0238,2026-08-01,10,4516.61,23.1,34732.73
T000267,C0290,P0330,2026-10-02,6,8649.26,15.68,43758.34
T000268,C0078,P0226,2025-03-11,8,4449.97,7.57,32904.86
T000269,C0141,P0303,2025-02-27,6,5098.0,7.76,28214.37
T000270,C0232,P0020,2025-02-28,6,8325.38,1.92,48993.2
T000271,C0443,P0438,2025-04-03,10,5961.09,9.61,53882.29
T000272,C0298,P0284,2025-02-12,8,9095.05,14.29,62362.94
T000273,C0097,P0165,2026-09-12,8,5038.6,23.94,30658.87
T000274,C0231,P0053,2025-12-18,2,5070.26,4.31,9703.46
T000275,C0127,P0363,2026-03-25,8,5264.48,15.25,35693.17
T000276,C0187,P0191,2025-10-17,7,4117.26,8.46,26382.58
T000277,C0307,P0027,2025-12-09,2,3330.42,13.95,5731.65
T000278,C0198,P0146,2025-09-16,10,8739.13,8.33,80111.6
T000279,C0299,P0340,2025-05-25,6,3136.81,16.4,15734.24
T000280,C0340,P0201,2025-05-13,10,7102.9,2.12,69523.19
T000281,C0287,P0193,2025-12-03,3,6717.66,20.72,15977.28
T000282,C0379,P0351,2026-06-24,2,6477.95,10.59,11583.87
T000283,C0186,P0010,2026-01-07,5,1843.62,5.35,8724.93
T000284,C0486,P0393,2026-05-13,4,2304.1,3.44,8899.36
T000285,C0040,P0152,2025-04-14,9,7720.2,20.88,54974.0
T000286,C0453,P0270,2025-02-08,6,8770.11,15.45,44490.77
T000287,C0306,P0193,2025-06-07,3,1849.42,17.32,4587.3
T000288,C0320,P0415,2025-06-19,8,484.74,9.11,3524.64
T000289,C0369,P0122,2026-03-31,10,2885.03,18.71,23452.41
T000290,C0230,P0120,2026-07-01,4,3129.21,20.22,9985.93
T000291,C0241,P0463,2025-07-18,6,6799.15,14.26,34977.55
T000292,C0226,P0237,2025-10-16,7,5053.92,10.47,31673.42
T000293,C0083,P0419,2025-07-24,10,1427.07,6.25,13378.78
T000294,C0329,P0247,2026-01-16,9,9346.22,17.79,69151.75
T000295,C0265,P0436,2025-05-08,5,884.56,4.01,4245.45
T000296,C0231,P0464,2026-06-10,3,8318.91,2.29,24385.22
T000297,C0467,P0114,2026-04-07,6,9308.2,10.37,50057.64
T000298,C0203,P0258,2026-01-18,4,3892.35,2.04,15251.78
T000299,C0115,P0015,2025-11-23,2,8399.8,16.25,14069.66
T000300,C0406,P0075,2025-05-21,1,2904.45,20.74,2302.07
T000301,C0357,P0426,2025-05-23,8,4513.58,0.13,36061.7
T000302,C0041,P0010,2025-09-20,4,8357.88,13.72,28844.72
T000303,C0373,P0312,2026-06-25,7,1156.31,7.2,7511.39
T000304,C0155,P0063,2025-02-18,4,4227.26,19.85,13552.6
T000305,C0235,P0033,2025-04-24,8,5987.55,0.41,47704.01
T000306,C0264,P0295,2025-09-05,3,2948.16,0.04,8840.94
T000307,C0181,P0124,2026-08-08,7,1913.77,16.71,11157.85
T000308,C0269,P0500,2026-01-05,2,9536.37,13.6,16478.85
T000309,C0403,P0260,2026-07-22,1,3935.01,11.75,3472.65
T000310,C0326,P0199,2026-01-18,5,7485.8,8.93,34086.59
T000311,C0035,P0177,2025-09-04,2,7726.44,18.38,12612.64
T000312,C0171,P0069,2025-02-15,6,5482.84,20.34,26205.78
T000313,C0090,P0426,2026-04-21,8,6335.77,20.29,40401.94
T000314,C0033,P0367,2026-04-14,1,2969.75,1.1,2937.08
T000315,C0103,P0454,2025-02-12,6,9337.04,12.88,48806.58
T000316,C0418,P0279,2026-04-30,5,414.38,16.17,1736.87
T000317,C0147,P0183,2025-02-18,6,2768.51,19.98,13292.17
T000318,C0224,P0456,2026-02-14,8,8951.64,9.67,64688.13
T000319,C0499,P0096,2026-05-24,8,3705.1,19.93,23733.39
T000320,C0137,P0411,2025-03-26,7,835.32,15.06,4966.65
T000321,C0422,P0093,2026-07-13,5,3246.05,2.0,15905.65
T000322,C0339,P0152,2025-11-10,8,6046.09,10.65,43217.45
T000323,C0354,P0228,2025-12-26,8,471.43,21.75,2951.15
T000324,C0181,P0315,2026-03-22,5,6412.72,19.79,25718.21
T000325,C0030,P0039,2026-02-20,6,5155.21,18.75,25131.65
T000326,C0082,P0488,2025-02-01,3,8494.26,16.95,21163.45
T000327,C0225,P0018,2025-05-10,2,2398.15,16.13,4022.66
T000328,C0186,P0197,2026-08-04,1,6070.69,16.98,5039.89
T000329,C0486,P0190,2026-01-16,8,7642.69,14.35,52367.71
T000330,C0272,P0188,2026-02-12,6,6513.13,6.24,36640.26
T000331,C0059,P0014,2025-07-10,8,5201.57,22.84,32108.25
T000332,C0061,P0135,2025-09-24,8,2184.98,15.3,14805.42
T000333,C0356,P0470,2026-05-18,4,1270.24,21.32,3997.7
T000334,C0232,P0089,2026-04-01,2,8114.61,24.19,12303.37
T000335,C0164,P0342,2025-12-22,2,5522.47,7.26,10243.08
T000336,C0154,P0436,2025-06-11,3,7947.28,12.72,20809.16
T000337,C0063,P0103,2025-05-23,4,7914.21,0.66,31447.9
T000338,C0284,P0294,2026-01-13,8,8046.43,13.79,55494.62
T000339,C0314,P0453,2025-03-30,2,3127.44,24.99,4691.79
T000340,C0369,P0246,2026-06-23,7,7703.19,20.58,42825.11
T000341,C0038,P0065,2025-11-21,2,4527.25,17.0,7515.23
T000342,C0177,P0066,2026-07-19,10,1860.53,24.16,14110.26
T000343,C0222,P0258,2025-02-26,2,5205.12,7.6,9619.06
T000344,C0083,P0166,2025-08-19,6,9477.46,12.97,49489.4
T000345,C0146,P0434,2025-03-22,5,2003.2,23.91,7621.17
T000346,C0141,P0065,2026-10-03,5,6163.56,2.34,30096.66
T000347,C0329,P0087,2026-08-30,10,1584.23,16.47,13233.07
T000348,C0369,P0462,2026-09-12,6,8433.17,14.09,43469.62
T000349,C0423,P0443,2025-01-30,2,502.34,16.04,843.53
T000350,C0296,P0136,2025-08-04,10,4195.04,15.97,35250.92
T000351,C0255,P0456,2026-10-05,9,2932.23,23.92,20077.57
T000352,C0248,P0126,2026-02-20,5,4562.76,17.22,18885.26
T000353,C0081,P0226,2026-03-02,8,4671.2,8.5,34193.18
T000354,C0074,P0161,2025-11-23,6,9754.97,3.27,56615.89
T000355,C0190,P0264,2026-07-30,2,3225.2,11.66,5698.28
T000356,C0137,P0231,2025-09-11,3,1013.28,7.26,2819.15
T000357,C0197,P0443,2026-09-23,7,2520.29,21.63,13826.06
T000358,C0082,P0417,2025-12-02,10,7225.23,4.75,68820.32
T000359,C0082,P0256,2026-06-12,8,5012.66,7.71,37009.47
T000360,C0012,P0047,2026-02-07,9,4599.44,6.02,38902.98
T000361,C0299,P0181,2025-02-19,1,2849.5,14.94,2423.78
T000362,C0432,P0335,2026-04-27,5,5390.07,21.18,21242.27
T000363,C0221,P0069,2025-09-28,6,7650.37,9.15,41702.17
T000364,C0206,P0027,2026-08-07,9,1986.82,13.83,15408.39
T000365,C0038,P0198,2026-06-01,8,7655.82,6.99,56965.43
T000366,C0320,P0349,2026-09-18,2,1330.2,2.42,2596.02
T000367,C0192,P0407,2025-12-14,9,9392.54,18.87,68581.51
T000368,C0102,P0309,2026-06-06,7,5025.78,1.13,34782.92
T000369,C0071,P0366,2025-12-08,8,5217.36,3.72,40186.19
T000370,C0458,P0264,2025-05-24,6,9317.12,7.96,51452.86
T000371,C0202,P0316,2025-11-03,10,3396.92,20.71,26934.18
T000372,C0273,P0251,2026-07-31,5,4775.18,0.42,23775.62
T000373,C0170,P0345,2025-04-23,7,5857.84,19.92,32836.71
T000374,C0372,P0447,2026-10-07,1,5989.25,6.64,5591.56
T000375,C0336,P0401,2026-08-16,10,2314.06,1.28,22844.4
T000376,C0246,P0088,2026-06-21,10,7757.33,9.5,70203.84
T000377,C0421,P0349,2025-09-06,1,5747.07,17.51,4740.76
T000378,C0098,P0010,2026-03-28,6,4216.86,10.32,22690.08
T000379,C0105,P0211,2026-05-29,10,9209.18,21.82,71997.37
T000380,C0377,P0373,2025-03-05,3,5210.9,14.02,13441.0
T000381,C0340,P0245,2026-06-23,7,3171.84,4.33,21241.5
T000382,C0468,P0273,2025-12-17,9,3575.16,19.3,25966.39
T000383,C0370,P0349,2025-09-28,10,4867.59,23.93,37027.76
T000384,C0143,P0286,2025-11-02,4,9417.78,24.56,28419.09
T000385,C0395,P0148,2025-08-01,8,3204.56,8.72,23400.98
T000386,C0479,P0479,2025-10-08,5,1262.65,16.92,5245.05
T000387,C0195,P0459,2026-02-09,6,9548.36,20.12,45763.38
T000388,C0149,P0022,2025-10-22,2,3496.32,11.06,6219.25
T000389,C0132,P0383,2026-05-06,4,2060.58,13.46,7132.9
T000390,C0478,P0288,2025-10-06,3,1136.8,18.52,2778.79
T000391,C0123,P0125,2025-02-21,9,2295.43,5.82,19456.52
T000392,C0052,P0212,2025-12-05,8,1050.42,19.27,6784.03
T000393,C0003,P0494,2026-07-18,3,4098.73,23.38,9421.34
T000394,C0450,P0244,2026-05-04,4,7571.32,7.18,28110.8
T000395,C0147,P0331,2025-03-02,2,6540.37,5.81,12320.75
T000396,C0379,P0371,2025-02-08,3,4207.96,20.94,9980.44
T000397,C0479,P0471,2025-02-07,7,7890.21,4.66,52657.68
T000398,C0384,P0493,2025-10-24,1,142.21,14.2,122.02
T000399,C0055,P0476,2025-12-10,5,4570.77,16.03,19190.38
T000400,C0269,P0253,2025-05-18,9,4706.81,4.82,40319.48
T000401,C0058,P0170,2025-06-16,8,6500.44,17.96,42663.69
T000402,C0008,P0378,2025-12-12,5,5699.42,18.93,23102.6
T000403,C0090,P0313,2026-02-20,7,5177.04,2.17,35452.89
T000404,C0343,P0049,2025-07-09,3,4800.67,23.4,11031.94
T000405,C0004,P0134,2026-01-28,4,4495.02,6.67,16780.81
T000406,C0169,P0155,2026-08-20,10,163.79,16.34,1370.27
T000407,C0355,P0121,2025-03-05,2,4680.68,3.99,8987.84
T000408,C0352,P0258,2025-11-15,2,6405.18,23.52,9797.36
T000409,C0189,P0315,2025-08-15,4,9575.74,11.95,33725.76
T000410,C0233,P0383,2026-09-13,6,4187.66,13.73,21676.17
T000411,C0242,P0388,2026-07-05,4,7630.5,17.01,25330.21
T000412,C0306,P0448,2025-03-25,9,4495.14,17.59,33340.0
T000413,C0040,P0470,2026-08-01,2,664.49,13.69,1147.04
T000414,C0259,P0104,2026-08-10,9,1541.03,8.2,12731.99
T000415,C0267,P0227,2025-04-30,4,7183.33,12.22,25222.11
T000416,C0461,P0262,2026-04-02,1,4561.65,12.83,3976.39
T000417,C0234,P0289,2025-03-01,9,4650.66,20.17,33413.6
T000418,C0371,P0012,2026-02-10,5,8173.71,18.65,33246.57
T000419,C0297,P0038,2025-02-16,7,3478.06,1.59,23959.31
T000420,C0031,P0479,2025-03-12,8,365.76,10.22,2627.03
T000421,C0394,P0070,2026-03-07,6,9928.92,9.56,53878.29
T000422,C0446,P0470,2026-01-22,7,848.49,24.1,4508.03
T000423,C0448,P0277,2025-05-17,6,1230.4,24.82,5550.09
T000424,C0202,P0271,2025-05-11,4,8356.48,18.9,27108.42
T000425,C0153,P0238,2026-07-12,7,5342.74,20.58,29702.43
T000426,C0127,P0236,2025-12-21,3,2792.71,23.44,6414.3
T000427,C0372,P0392,2025-04-26,1,8104.31,10.48,7254.98
T000428,C0393,P0480,2025-01-17,4,2100.51,2.52,8190.31
T000429,C0018,P0229,2026-09-05,1,2485.1,1.11,2457.52
T000430,C0225,P0120,2026-07-07,4,7556.14,19.4,24361.0
T000431,C0072,P0258,2025-10-24,4,8167.07,18.29,26693.25
T000432,C0164,P0296,2026-09-05,6,2407.2,21.91,11278.69
T000433,C0339,P0267,2025-08-15,7,3039.98,1.52,20956.41
T000434,C0486,P0303,2025-06-29,7,5580.71,1.17,38607.91
T000435,C0177,P0483,2026-01-26,9,3221.41,10.41,25974.55
T000436,C0077,P0154,2026-01-21,3,7556.44,11.84,19985.27
T000437,C0435,P0116,2025-11-04,3,8067.47,22.87,18667.32
T000438,C0288,P0212,2026-03-03,9,5323.42,9.71,43258.64
T000439,C0131,P0105,2025-12-05,2,9226.15,21.18,14544.1
T000440,C0048,P0275,2025-07-15,1,2721.19,16.84,2262.94
T000441,C0309,P0021,2025-03-16,4,8056.27,14.69,27491.22
T000442,C0344,P0287,2025-08-11,8,2128.45,22.68,13165.74
T000443,C0156,P0490,2025-01-16,4,9374.74,24.05,28480.46
T000444,C0061,P0383,2026-05-06,4,6971.48,17.59,22980.79
T000445,C0204,P0469,2025-09-03,9,3250.07,7.08,27179.69
T000446,C0239,P0274,2026-01-03,5,2652.54,12.82,11562.42
T000447,C0255,P0239,2025-04-11,8,7628.21,8.01,56137.52
T000448,C0105,P0190,2025-11-17,7,504.87,21.6,2770.73
T000449,C0380,P0075,2025-01-17,5,5555.45,14.6,23721.77
T000450,C0369,P0214,2025-10-30,3,2002.11,5.75,5660.97
T000451,C0292,P0427,2025-09-09,8,5528.89,23.59,33797.0
T000452,C0173,P0132,2026-05-16,8,4635.25,18.32,30288.58
T000453,C0181,P0087,2025-05-24,9,4908.75,22.92,34052.98
T000454,C0278,P0329,2025-03-02,9,386.55,21.17,2742.46
T000455,C0484,P0419,2025-02-19,1,4153.3,21.06,3278.62
T000456,C0119,P0035,2025-06-04,1,2226.26,11.4,1972.47
T000457,C0031,P0317,2026-09-24,8,6609.88,0.39,52672.81
T000458,C0273,P0283,2026-02-26,1,216.43,18.05,177.36
T000459,C0275,P0147,2025-01-18,9,8140.91,16.85,60922.5
T000460,C0413,P0482,2025-07-03,2,9184.59,13.11,15960.98
T000461,C0124,P0099,2026-09-27,9,2561.56,8.86,21011.45
T000462,C0408,P0204,2025-03-22,6,9595.01,11.47,50966.77
T000463,C0125,P0357,2025-08-20,5,6856.21,21.2,27013.47
T000464,C0335,P0440,2025-02-02,2,4082.52,9.43,7395.08
T000465,C0244,P0029,2025-01-10,3,872.73,21.13,2064.97
T000466,C0331,P0402,2025-12-06,10,9774.43,24.35,73943.56
T000467,C0459,P0271,2025-02-13,4,2153.6,21.7,6745.08
T000468,C0455,P0291,2026-05-02,5,513.29,1.86,2518.71
T000469,C0474,P0144,2026-07-11,10,6598.19,4.48,63025.91
T000470,C0436,P0162,2025-01-17,4,5891.01,18.81,19131.64
T000471,C0365,P0421,2026-02-12,2,3027.81,14.1,5201.78
T000472,C0291,P0428,2026-02-03,9,3350.71,18.89,24459.85
T000473,C0072,P0405,2025-03-22,9,7467.29,8.65,61392.32
T000474,C0051,P0224,2025-08-26,2,3438.9,19.23,5555.2
T000475,C0489,P0305,2026-02-11,6,344.78,6.83,1927.39
T000476,C0231,P0252,2025-08-22,6,5552.73,9.39,30187.97
T000477,C0096,P0349,2026-08-23,7,902.66,15.47,5341.13
T000478,C0409,P0127,2025-03-17,2,2716.32,9.5,4916.54
T000479,C0402,P0325,2025-06-07,7,3200.95,2.66,21810.63
T000480,C0003,P0483,2025-11-12,8,3631.18,6.74,27091.51
T000481,C0068,P0045,2025-07-11,7,4515.99,13.87,27227.36
T000482,C0209,P0053,2025-01-27,2,3571.45,2.33,6976.47
T000483,C0307,P0402,2025-11-29,7,172.79,10.35,1084.34
T000484,C0399,P0044,2026-07-27,4,5741.01,4.24,21990.36
T000485,C0195,P0087,2025-05-23,5,3046.26,12.33,13353.28
T000486,C0033,P0086,2026-03-22,5,4239.97,12.11,18632.55
T000487,C0040,P0185,2025-09-15,4,7222.95,12.4,25309.22
T000488,C0316,P0101,2026-04-14,2,1398.12,0.17,2791.49
T000489,C0203,P0171,2026-09-28,7,8050.56,8.24,51710.36
T000490,C0172,P0221,2026-09-01,3,3039.33,15.08,7743.0
T000491,C0356,P0103,2026-05-06,6,1817.49,9.96,9818.81
T000492,C0164,P0150,2026-05-18,10,7830.64,8.15,71924.43
T000493,C0144,P0419,2026-02-07,6,1183.18,14.1,6098.11
T000494,C0304,P0280,2025-07-04,9,317.82,18.18,2340.36
T000495,C0483,P0363,2025-08-03,8,7986.97,20.78,50618.22
T000496,C0036,P0420,2026-02-23,8,1434.83,7.57,10609.71
T000497,C0130,P0338,2025-06-07,7,7901.31,1.85,54285.95
T000498,C0307,P0246,2026-08-20,7,5366.96,23.09,28894.1
T000499,C0446,P0355,2026-03-05,9,415.81,24.21,2836.28
T000500,C0360,P0459,2026-07-04,10,6399.89,2.12,62642.12
